,latitude,longitude,counts
798,-23.5395064,-46.62912120000001,1
206,-23.6232908,-46.69954310000001,1
208,-23.6227181,-46.6968956,1
1282,-23.5058508,-46.4567463,1
1281,-23.5059642,-46.67588079999999,1
1002,-23.5261506,-46.6854196,1
1004,-23.5259521,-46.62560070000001,1
575,-23.5574174,-46.6002234,1
1007,-23.5257366,-46.70306129999999,1
227,-23.6191934,-46.6823034,1
1276,-23.506777300000003,-46.6024208,1
230,-23.6189716,-46.6761361,1
561,-23.560900600000004,-46.61268629999999,1
236,-23.6180602,-46.7514001,1
1016,-23.5251783,-46.6361243,1
987,-23.5269465,-46.6824744,1
1017,-23.52517730000001,-46.71018369999999,1
1022,-23.524796,-46.7030237,1
1025,-23.5243586,-46.4276863,1
543,-23.56402210000001,-46.5491355,1
247,-23.6134859,-46.6714101,1
248,-23.6133909,-46.6983976,1
1262,-23.507997600000003,-46.7339294,1
1034,-23.5237633,-46.4750698,1
254,-23.6118412,-46.65641859999999,1
255,-23.6117463,-46.58101729999999,1
1260,-23.508185,-46.651224,1
258,-23.61115280000001,-46.75300429999999,1
1258,-23.5084139,-46.6240031,1
262,-23.6109081,-46.60675620000001,1
1251,-23.5088034,-46.5995344,1
554,-23.562252,-46.6560876,1
597,-23.5556451,-46.6489311,1
598,-23.5556266,-46.64916210000001,1
400,-23.585393300000003,-46.6181717,1
651,-23.5497557,-46.52471370000001,1
145,-23.64470750000001,-46.7243115,1
1340,-23.4949174,-46.4114416,1
150,-23.64261650000001,-46.6995315,1
151,-23.6415722,-46.715951200000006,1
952,-23.5293222,-46.73850820000001,1
639,-23.5504512,-46.5354164,1
1333,-23.4987425,-46.6123622,1
960,-23.5286098,-46.6610124,1
162,-23.6376664,-46.67746959999999,1
163,-23.636381,-46.7152266,1
633,-23.550572100000004,-46.64804119999999,1
1327,-23.5010073,-46.6141119,1
629,-23.5510883,-46.578305,1
963,-23.52837,-46.59752,1
1326,-23.501571,-46.6942421,1
621,-23.5522476,-46.6217462,1
978,-23.5273809,-46.62558,1
1305,-23.5038223,-46.68456610000001,1
194,-23.6254463,-46.6888139,1
1307,-23.5035404,-46.6846004,1
190,-23.62602110000001,-46.6886941,1
609,-23.5541362,-46.7184776,1
527,-23.567708,-46.6490653,1
968,-23.5281519,-46.6248997,1
1313,-23.5030347,-46.6845518,1
1315,-23.5027572,-46.630545,1
1317,-23.5026122,-46.7109727,1
181,-23.6279559,-46.76727020000001,1
619,-23.5523718,-46.6369508,1
620,-23.5523344,-46.6097831,1
1312,-23.50318110000001,-46.6847494,1
525,-23.5679585,-46.6465188,1
519,-23.5686275,-46.68570820000001,1
1242,-23.509208800000003,-46.5556419,1
1107,-23.519319,-46.7011048,1
334,-23.5956701,-46.6907813,1
462,-23.577283,-46.62883300000001,1
336,-23.5954272,-46.5378422,1
1112,-23.5189848,-46.5124106,1
1194,-23.5139138,-46.6239616,1
1191,-23.5139854,-46.4566487,1
1117,-23.5188247,-46.6754336,1
344,-23.591603,-46.7309946,1
346,-23.5913425,-46.620676,1
1119,-23.51872950000001,-46.674085700000006,1
349,-23.5910277,-46.6208019,1
352,-23.590728100000003,-46.7034062,1
353,-23.5904283,-46.6912605,1
1185,-23.5143783,-46.6368984,1
1183,-23.5144782,-46.65128379999999,1
444,-23.5813836,-46.4920896,1
403,-23.5849987,-46.5805906,1
404,-23.5849256,-46.5808679,1
1146,-23.5163068,-46.6136394,1
1164,-23.515346,-46.620318,1
1145,-23.51635060000001,-46.7256629,1
1168,-23.5152016,-46.4763893,1
1104,-23.5194673,-46.65257829999999,1
377,-23.58753380000001,-46.7230018,1
373,-23.5880455,-46.595779,1
371,-23.5885405,-46.67170309999999,1
1133,-23.5177018,-46.63060820000001,1
365,-23.5890433,-46.6761478,1
361,-23.5896449,-46.7016814,1
360,-23.5896733,-46.681125400000006,1
1174,-23.5148784,-46.4558687,1
143,-23.6447734,-46.7175488,1
326,-23.5981316,-46.6971496,1
1205,-23.5129232,-46.6528809,1
276,-23.6079512,-46.6647429,1
1237,-23.509816600000004,-46.5990251,1
1235,-23.510013600000004,-46.59636150000001,1
514,-23.5706163,-46.6909158,1
1232,-23.5103896,-46.7031168,1
1230,-23.5105156,-46.6943604,1
1056,-23.5221668,-46.6615044,1
1228,-23.5107179,-46.687375,1
510,-23.57107,-46.69101,1
288,-23.6054922,-46.6609089,1
1060,-23.5219881,-46.4557093,1
506,-23.5714865,-46.7398797,1
505,-23.57149200000001,-46.6660141,1
1070,-23.5213463,-46.6300105,1
1071,-23.5211082,-46.6673455,1
297,-23.6039559,-46.6928269,1
300,-23.6024464,-46.6517698,1
1084,-23.5203912,-46.71150129999999,1
319,-23.5992238,-46.6572894,1
480,-23.573301,-46.6983924,1
316,-23.5995236,-46.6507244,1
1083,-23.5205151,-46.701867,1
1082,-23.5206812,-46.5568603,1
1203,-23.513214399999995,-46.6249453,1
1080,-23.5207026,-46.6786399,1
1213,-23.5124758,-46.6898894,1
488,-23.572437,-46.70416710000001,1
492,-23.5723312,-46.6986407,1
493,-23.5722959,-46.604344,1
494,-23.572184,-46.7010993,1
1075,-23.5208309,-46.7003504,1
311,-23.6008582,-46.6535395,1
657,-23.54883,-46.63872,1
601,-23.555471,-46.645336,1
1369,-23.4847753,-46.37787720000001,1
1400,-23.457949,-46.6154467,1
814,-23.5388262,-46.6288375,1
1368,-23.4848058,-46.6800381,1
101,-23.6603743,-46.7021464,1
1431,-23.4038505,-46.7531618,1
20,-23.703218,-46.7012854,1
754,-23.5411766,-46.6445229,1
1366,-23.4851993,-46.45706420000001,1
777,-23.5402935,-46.6398243,1
891,-23.5356124,-46.65840009999999,1
813,-23.5388384,-46.5678866,1
17,-23.7102956,-46.6995047,1
894,-23.5353266,-46.6538783,1
75,-23.6653157,-46.6781231,1
689,-23.5451508,-46.5944562,1
1382,-23.4736193,-46.6696933,1
73,-23.6653914,-46.718691,1
904,-23.5347613,-46.6256236,1
711,-23.5437317,-46.4831817,1
1412,-23.4304279,-46.7205984,1
833,-23.5378736,-46.6490359,1
818,-23.538453,-46.6906253,1
739,-23.5418577,-46.41282289999999,1
88,-23.6625879,-46.706701,1
1376,-23.4785124,-46.6213303,1
821,-23.5383793,-46.6272903,1
1377,-23.4762159,-46.6723495,1
90,-23.66234630000001,-46.6794248,1
760,-23.5409439,-46.4841729,1
91,-23.662256,-46.706246,1
758,-23.5410307,-46.63932310000001,1
82,-23.6638785,-46.70995960000001,1
719,-23.5430627,-46.613782,1
31,-23.6828019,-46.69041710000001,1
820,-23.5383857,-46.456114,1
28,-23.688098,-46.7144513,1
81,-23.664009,-46.7080073,1
703,-23.5442197,-46.73038469999999,1
871,-23.5362918,-46.6433711,1
1370,-23.4838328,-46.6875014,1
1411,-23.4308163,-46.7204539,1
698,-23.5446667,-46.58088789999999,1
819,-23.5384476,-46.6022489,1
1409,-23.43456560000001,-46.7202454,1
681,-23.5467879,-46.6504004,1
750,-23.5413019,-46.48414289999999,1
126,-23.6512557,-46.7570141,1
794,-23.5395364,-46.630999,1
803,-23.5392576,-46.62776229999999,1
856,-23.537005,-46.4575904,1
1387,-23.4723203,-46.57162109999999,1
742,-23.5417577,-46.6478138,1
1348,-23.4924315,-46.4542343,1
662,-23.5483872,-46.6432919,1
132,-23.6480024,-46.72750070000001,1
935,-23.53092980000001,-46.4739201,1
861,-23.5368234,-46.456554,1
1351,-23.4920164,-46.4332973,1
1424,-23.4058603,-46.76449849999999,1
791,-23.5396512,-46.6304873,1
122,-23.6526643,-46.72607070000001,1
1388,-23.4721159,-46.7250866,1
58,-23.667774,-46.7304673,1
135,-23.6460115,-46.71018839999999,1
737,-23.5419119,-46.4830092,1
920,-23.5326565,-46.65776289999999,1
1428,-23.4046872,-46.74996270000001,1
800,-23.53940230000001,-46.4838151,1
138,-23.6457685,-46.7120833,1
937,-23.5301024,-46.528896,1
809,-23.5391315,-46.7279626,1
67,-23.6663838,-46.718256,1
46,-23.6741462,-46.7001485,1
724,-23.5426083,-46.6290212,1
846,-23.5374478,-46.4547463,1
120,-23.6527317,-46.7250646,1
928,-23.531962600000004,-46.6598735,1
53,-23.672131,-46.7416845,1
1067,-23.5215365,-46.6660485,2
740,-23.5418503,-46.4820429,2
766,-23.5408057,-46.64331809999999,2
1087,-23.520377,-46.6614292,2
844,-23.5374724,-46.4581266,2
498,-23.5719378,-46.6628054,2
1079,-23.5207741,-46.655603,2
481,-23.5732319,-46.6984935,2
755,-23.54110750000001,-46.4564027,2
1072,-23.5210238,-46.4752395,2
743,-23.541667,-46.4599308,2
496,-23.5720868,-46.7128951,2
484,-23.572613600000004,-46.7045413,2
851,-23.5372298,-46.6281626,2
746,-23.5413682,-46.613568,2
843,-23.5375211,-46.4866426,2
491,-23.5723584,-46.5059158,2
490,-23.572376,-46.70538060000001,2
749,-23.5413119,-46.6269519,2
854,-23.5370431,-46.4575624,2
822,-23.5383429,-46.46129420000001,2
658,-23.5487082,-46.6386923,2
1090,-23.520232,-46.671651,2
437,-23.58206400000001,-46.555408,2
434,-23.5824676,-46.56287860000001,2
433,-23.5824805,-46.6677352,2
432,-23.5824862,-46.4967297,2
788,-23.5397041,-46.45773060000001,2
430,-23.58257810000001,-46.5621605,2
789,-23.5396697,-46.4839086,2
429,-23.5825945,-46.564147,2
1137,-23.5170718,-46.7256931,2
808,-23.5391505,-46.5425747,2
786,-23.5397546,-46.48566810000001,2
427,-23.5827188,-46.5866282,2
1138,-23.5169886,-46.6821686,2
1139,-23.516982100000003,-46.5162831,2
422,-23.5830399,-46.6522638,2
418,-23.5832055,-46.68635769999999,2
1143,-23.5165521,-46.728456,2
1144,-23.5163514,-46.66198920000001,2
412,-23.5835,-46.6544014,2
411,-23.5835626,-46.5751825,2
795,-23.539535600000004,-46.48359929999999,2
1155,-23.5157253,-46.6404566,2
425,-23.5829641,-46.5975085,2
1088,-23.5202557,-46.5682351,2
440,-23.581918,-46.5729191,2
442,-23.581779,-46.5372484,2
1092,-23.5200674,-46.62154500000001,2
1093,-23.5200443,-46.7017787,2
1098,-23.5198336,-46.6744407,2
468,-23.5759891,-46.7029149,2
1103,-23.519491100000003,-46.6741453,2
769,-23.5406471,-46.4164649,2
461,-23.5776186,-46.61030510000001,2
1109,-23.5191501,-46.6751177,2
456,-23.5784988,-46.7088893,2
816,-23.5385076,-46.6027034,2
1131,-23.5179007,-46.7075307,2
453,-23.5788782,-46.6941078,2
1121,-23.5184954,-46.6794319,2
1125,-23.5183856,-46.6300867,2
1126,-23.5183607,-46.6483146,2
446,-23.5809996,-46.6842815,2
445,-23.581351,-46.393935,2
780,-23.5400869,-46.61203870000001,2
781,-23.540069,-46.62801200000001,2
1127,-23.5183573,-46.6156162,2
811,-23.5389866,-46.6456719,2
783,-23.5400269,-46.6114506,2
775,-23.5403599,-46.72940759999999,2
1063,-23.5218155,-46.6479229,2
529,-23.5670542,-46.640897,2
738,-23.5418578,-46.4579575,2
616,-23.5527902,-46.6113329,2
966,-23.5281718,-46.6619021,2
614,-23.553051,-46.6561628,2
923,-23.5323166,-46.6326799,2
918,-23.533187,-46.520499,2
967,-23.5281634,-46.59762429999999,2
913,-23.5337827,-46.6266982,2
910,-23.5338743,-46.688394,2
610,-23.5541089,-46.42439829999999,2
899,-23.53498,-46.6261127,2
617,-23.55266,-46.636631,2
969,-23.5280425,-46.66796970000001,2
896,-23.5350814,-46.56940720000001,2
604,-23.5550741,-46.5590254,2
892,-23.5355282,-46.4939303,2
599,-23.55562,-46.6490798,2
696,-23.5448219,-46.6737449,2
596,-23.5557254,-46.6875306,2
982,-23.527098100000003,-46.6353124,2
592,-23.5559142,-46.5774648,2
991,-23.5268198,-46.6350653,2
697,-23.5447737,-46.6471504,2
971,-23.5278147,-46.69114159999999,2
674,-23.5475157,-46.6366376,2
673,-23.5475738,-46.63803220000001,2
925,-23.5322987,-46.5291614,2
940,-23.5299203,-46.6420086,2
653,-23.5493106,-46.6381453,2
943,-23.5297721,-46.67702620000001,2
660,-23.5484885,-46.63911820000001,2
947,-23.529598,-46.6315546,2
948,-23.5294604,-46.6788836,2
646,-23.5500438,-46.63090510000001,2
645,-23.5501211,-46.40727829999999,2
934,-23.5313449,-46.5192657,2
955,-23.5292211,-46.5603888,2
956,-23.529197600000003,-46.67646630000001,2
958,-23.5289312,-46.5152762,2
664,-23.5481286,-46.602582700000006,2
637,-23.550503,-46.646139,2
933,-23.5315072,-46.50150429999999,2
635,-23.5505283,-46.6009579,2
931,-23.531798,-46.52483460000001,2
632,-23.55075110000001,-46.6418465,2
630,-23.5510881,-46.7403109,2
929,-23.53196010000001,-46.6262138,2
628,-23.5514031,-46.6469633,2
625,-23.5519604,-46.5261539,2
962,-23.528455800000003,-46.67958460000001,2
587,-23.5563876,-46.6523551,2
1062,-23.5218332,-46.64157429999999,2
993,-23.5268029,-46.5757735,2
995,-23.5267385,-46.67300849999999,2
869,-23.5363828,-46.6339244,2
718,-23.5430818,-46.6464948,2
536,-23.5652689,-46.6796648,2
1043,-23.5230634,-46.6632997,2
533,-23.5661065,-46.50772620000001,2
721,-23.5427421,-46.4802221,2
532,-23.5662554,-46.684336,2
531,-23.56635480000001,-46.5075864,2
530,-23.5664902,-46.7032336,2
722,-23.5427074,-46.4623215,2
539,-23.5647449,-46.667136,2
526,-23.5678295,-46.6979814,2
863,-23.536623100000003,-46.6340698,2
1047,-23.5227794,-46.6645563,2
517,-23.5692895,-46.68757120000001,2
862,-23.5366413,-46.4484711,2
1048,-23.5227182,-46.70186349999999,2
729,-23.5421391,-46.6354864,2
1052,-23.5224357,-46.64926810000001,2
512,-23.5709718,-46.69096939999999,2
855,-23.5370378,-46.6498892,2
734,-23.541986,-46.5802565,2
523,-23.568072,-46.6091904,2
870,-23.5363575,-46.4562165,2
540,-23.5646455,-46.6546818,2
1033,-23.5238896,-46.6303538,2
997,-23.52655,-46.680817,2
998,-23.526435100000004,-46.6253597,2
999,-23.5263663,-46.68502609999999,2
888,-23.5358078,-46.55218,2
573,-23.5580037,-46.6289532,2
572,-23.558188,-46.6288888,2
879,-23.5360337,-46.58579779999999,2
568,-23.5586221,-46.5137237,2
567,-23.5586635,-46.6293628,2
566,-23.5588189,-46.5690836,2
878,-23.5360384,-46.6519105,2
565,-23.558855,-46.51335,2
564,-23.5592539,-46.630871000000006,2
1013,-23.52545180000001,-46.5564904,2
872,-23.5362269,-46.5522662,2
560,-23.5612461,-46.65778770000001,2
1015,-23.5252117,-46.7103639,2
712,-23.5436382,-46.7331109,2
713,-23.5435798,-46.4719656,2
1026,-23.524283,-46.70237720000001,2
547,-23.5634913,-46.54947809999999,2
546,-23.5637309,-46.6117037,2
1030,-23.5240737,-46.62877599999999,2
994,-23.52674660000001,-46.6297331,2
397,-23.5857363,-46.6983464,2
0,-23.8282027,-46.7270925,2
1301,-23.5039307,-46.6224815,2
1256,-23.5086388,-46.6945875,2
1371,-23.48382,-46.49517210000001,2
1261,-23.5080754,-46.6125401,2
97,-23.6617663,-46.6868196,2
99,-23.6606505,-46.7047882,2
246,-23.6137961,-46.6956653,2
104,-23.6598058,-46.7045241,2
1365,-23.4864975,-46.681624600000006,2
244,-23.6139787,-46.6083995,2
93,-23.6621072,-46.7068928,2
243,-23.615402,-46.66724010000001,2
242,-23.6157655,-46.7020905,2
1270,-23.5073485,-46.7179847,2
1271,-23.5072503,-46.67060120000001,2
238,-23.61762,-46.66168620000001,2
1273,-23.5070407,-46.7155214,2
235,-23.6181414,-46.6600584,2
1274,-23.5068633,-46.68830579999999,2
111,-23.6581077,-46.7088384,2
113,-23.6557008,-46.7190665,2
107,-23.6593753,-46.71051689999999,2
1372,-23.4826367,-46.60979920000001,2
265,-23.6103378,-46.6979058,2
266,-23.6101067,-46.6637739,2
68,-23.6659612,-46.7229202,2
1384,-23.4727477,-46.5715718,2
294,-23.6046651,-46.6819479,2
293,-23.6047405,-46.66697429999999,2
292,-23.604755,-46.66874139999999,2
71,-23.6656675,-46.72677589999999,2
290,-23.605116,-46.6964654,2
1225,-23.511353,-46.6102873,2
1227,-23.5108939,-46.7275323,2
1229,-23.5106876,-46.704893,2
284,-23.6064953,-46.664826700000006,2
282,-23.607038,-46.6376746,2
1234,-23.5100468,-46.59482020000001,2
1381,-23.4737451,-46.6702276,2
77,-23.665071,-46.721661,2
161,-23.6380267,-46.6564988,2
274,-23.608251100000004,-46.6761498,2
1379,-23.474323,-46.7252928,2
80,-23.6641378,-46.67849529999999,2
85,-23.6633313,-46.707879,2
1249,-23.5088219,-46.59964189999999,2
231,-23.6186381,-46.67618529999999,2
229,-23.6189923,-46.6830422,2
114,-23.6551559,-46.7244021,2
225,-23.6194146,-46.6275104,2
136,-23.6459326,-46.7227193,2
192,-23.625818,-46.6886796,2
139,-23.6457192,-46.7302352,2
191,-23.6259642,-46.7270102,2
1309,-23.5034437,-46.6845502,2
1314,-23.5027829,-46.6844431,2
1344,-23.4940508,-46.61016799999999,2
178,-23.6281321,-46.68856829999999,2
1322,-23.5021507,-46.6860931,2
176,-23.6296987,-46.6844888,2
1324,-23.5018224,-46.68683460000001,2
1325,-23.5017249,-46.68416129999999,2
148,-23.6435241,-46.73397410000001,2
171,-23.631489,-46.77335009999999,2
1339,-23.4953168,-46.6613718,2
153,-23.6413262,-46.78113,2
1338,-23.4956776,-46.6806325,2
168,-23.6324079,-46.715661,2
1336,-23.498233,-46.706861,2
1335,-23.4983286,-46.4569058,2
164,-23.6361811,-46.6774954,2
1345,-23.4937064,-46.60988,2
1221,-23.5115727,-46.70548529999999,2
197,-23.625063,-46.6867172,2
199,-23.6244089,-46.694455100000006,2
115,-23.6539771,-46.7088668,2
223,-23.6198203,-46.627044,2
222,-23.61983810000001,-46.6011657,2
1278,-23.506334,-46.6262694,2
1279,-23.5062097,-46.5420451,2
219,-23.6208778,-46.6785864,2
218,-23.621132,-46.627691,2
1356,-23.4904909,-46.75336739999999,2
215,-23.6216238,-46.6977748,2
119,-23.6527442,-46.7250433,2
1283,-23.50584760000001,-46.3769404,2
211,-23.6224802,-46.673114700000006,2
1289,-23.5050052,-46.680571,2
1352,-23.4913385,-46.4059539,2
1292,-23.5043801,-46.6862746,2
1350,-23.4920959,-46.3952434,2
205,-23.6233833,-46.6779026,2
129,-23.649073,-46.73221179999999,2
203,-23.623745,-46.6952879,2
201,-23.6240499,-46.76434329999999,2
396,-23.5858149,-46.6889648,2
198,-23.62467980000001,-46.7645809,2
65,-23.6666279,-46.7715139,2
275,-23.6081559,-46.6763522,2
64,-23.6666865,-46.7225258,2
33,-23.6814862,-46.69453490000001,2
366,-23.5888866,-46.7002858,2
362,-23.589644,-46.7295291,2
358,-23.5899277,-46.5977819,2
1184,-23.5144706,-46.6374001,2
301,-23.6023904,-46.69812839999999,2
1186,-23.5143458,-46.4439807,2
32,-23.6826905,-46.69027929999999,2
37,-23.6789861,-46.7127107,2
343,-23.5921613,-46.7317735,2
1190,-23.514005800000003,-46.6108903,2
1398,-23.4592525,-46.67454650000001,2
1195,-23.5138992,-46.6263537,2
337,-23.5945527,-46.610063,2
1396,-23.46275,-46.6031956,2
333,-23.5959732,-46.6966668,2
345,-23.5914551,-46.73090620000001,2
29,-23.6856812,-46.6802674,2
1176,-23.5148306,-46.53032049999999,2
374,-23.5879501,-46.59602570000001,2
1425,-23.4051744,-46.7530468,2
1422,-23.40614960000001,-46.7621255,2
393,-23.5860954,-46.696324,2
392,-23.586150600000003,-46.66728610000001,2
7,-23.7496214,-46.7532498,2
8,-23.74646730000001,-46.6848225,2
10,-23.7345288,-46.7958352,2
11,-23.7343857,-46.79610510000001,2
1159,-23.5154721,-46.6883555,2
13,-23.7222764,-46.78527310000001,2
1167,-23.5152223,-46.6667075,2
386,-23.5866554,-46.69146660000001,2
16,-23.7124302,-46.7100777,2
384,-23.5867134,-46.6936101,2
1413,-23.4303427,-46.7211107,2
1171,-23.5150817,-46.5200828,2
379,-23.5872435,-46.5916083,2
332,-23.5961363,-46.67970560000001,2
45,-23.6748449,-46.7326101,2
355,-23.590368,-46.7027571,2
1334,-23.4986124,-46.7070624,2
318,-23.5992475,-46.6600146,2
1211,-23.5125185,-46.6633507,2
308,-23.601201,-46.7185399,2
1390,-23.4695562,-46.7241343,2
309,-23.6010771,-46.6540711,2
1393,-23.4647577,-46.6855435,2
1207,-23.512902,-46.51834299999999,2
1216,-23.5118579,-46.6105641,2
1391,-23.4691698,-46.7242922,2
1199,-23.5136549,-46.67154910000001,2
1204,-23.5130799,-46.6103914,2
328,-23.5973979,-46.6173858,2
329,-23.5973316,-46.56526160000001,2
55,-23.6716305,-46.7419936,2
330,-23.5973031,-46.5960764,2
48,-23.6730741,-46.6770339,2
15,-23.7141272,-46.70803950000001,3
817,-23.5384697,-46.6500228,3
137,-23.64593,-46.7538224,3
736,-23.5419294,-46.4825385,3
1346,-23.4934692,-46.7577642,3
130,-23.6490513,-46.7525471,3
57,-23.6691958,-46.71203920000001,3
21,-23.7030879,-46.7146618,3
133,-23.6465815,-46.7288787,3
22,-23.6994825,-46.7152803,3
24,-23.6972571,-46.6734805,3
812,-23.5388648,-46.64058170000001,3
1417,-23.4158991,-46.5839822,3
14,-23.7142369,-46.7079048,3
140,-23.6455992,-46.7102195,3
638,-23.5505027,-46.644406,3
66,-23.6663914,-46.771511,3
3,-23.7664337,-46.7175583,3
156,-23.6397448,-46.67346939999999,3
1423,-23.4060045,-46.7349578,3
857,-23.53690880000001,-46.5506134,3
864,-23.5366178,-46.58894160000001,3
950,-23.5294021,-46.6780985,3
731,-23.5421063,-46.6275041,3
70,-23.6658875,-46.7130319,3
1420,-23.4068591,-46.75017159999999,3
147,-23.6444211,-46.7002144,3
62,-23.6669676,-46.7740371,3
1389,-23.471309,-46.694135,3
649,-23.549848,-46.6368084,3
784,-23.5399929,-46.48518,3
1343,-23.4941577,-46.41998820000001,3
735,-23.5419823,-46.63221470000001,3
141,-23.64558460000001,-46.71028670000001,3
939,-23.5300027,-46.6769343,3
128,-23.6507545,-46.67088620000001,3
699,-23.544648100000003,-46.6056811,3
932,-23.531609600000003,-46.7325696,3
834,-23.5378617,-46.6345956,3
40,-23.6782992,-46.698417600000006,3
1360,-23.4888114,-46.6094526,3
41,-23.6765104,-46.6767267,3
873,-23.536103,-46.7496764,3
708,-23.5440885,-46.589842,3
901,-23.5349228,-46.57884,3
1361,-23.4886125,-46.4573184,3
1362,-23.487968,-46.3958755,3
839,-23.5377001,-46.4867092,3
898,-23.534988,-46.454497,3
707,-23.5440896,-46.56931489999999,3
840,-23.5376794,-46.64872769999999,3
49,-23.6726992,-46.7122024,3
1397,-23.4602278,-46.7214961,3
877,-23.5360388,-46.4146528,3
890,-23.5357093,-46.6254934,3
748,-23.5413216,-46.5449017,3
1395,-23.4632422,-46.6030322,3
1401,-23.4575732,-46.60251270000001,3
25,-23.6928288,-46.6772609,3
916,-23.5332428,-46.453903,3
89,-23.6623653,-46.7068638,3
95,-23.6619145,-46.6862788,3
26,-23.690509,-46.675111,3
54,-23.6718682,-46.74204080000001,3
1353,-23.49109,-46.4424031,3
927,-23.5321259,-46.6602978,3
1407,-23.4417688,-46.58967970000001,3
824,-23.5382607,-46.60137279999999,3
79,-23.6650099,-46.7103192,3
764,-23.5408564,-46.48244570000001,3
829,-23.5379183,-46.4777201,3
762,-23.5409194,-46.741393,3
675,-23.5474777,-46.63684980000001,3
36,-23.679213,-46.71244129999999,3
51,-23.6722242,-46.74264789999999,3
831,-23.5378848,-46.6347126,3
1357,-23.4899722,-46.71010980000001,3
922,-23.5323749,-46.44367800000001,3
1375,-23.480603,-46.6111722,3
1373,-23.4824176,-46.5005015,3
50,-23.6722652,-46.7420503,3
930,-23.53195310000001,-46.5261653,3
398,-23.5856559,-46.670507,3
634,-23.5505413,-46.6448026,3
331,-23.596632,-46.6912263,3
466,-23.5766138,-46.500846,3
471,-23.5754932,-46.6110617,3
472,-23.5754838,-46.5024468,3
1198,-23.5137188,-46.6504947,3
1089,-23.5202331,-46.6671391,3
476,-23.5741157,-46.64451079999999,3
324,-23.5982038,-46.7197589,3
1208,-23.5128219,-46.6926232,3
313,-23.6001593,-46.6588857,3
1078,-23.5207813,-46.7005023,3
307,-23.601353,-46.682744,3
305,-23.6018144,-46.6825006,3
303,-23.6019988,-46.7185669,3
1219,-23.5116035,-46.6105105,3
298,-23.6031912,-46.6637589,3
501,-23.5715618,-46.6983621,3
502,-23.5715512,-46.696141,3
503,-23.5715317,-46.7022495,3
1224,-23.5114009,-46.62489679999999,3
1331,-23.4990817,-46.7248231,3
278,-23.6075597,-46.7099695,3
520,-23.5685285,-46.60789120000001,3
521,-23.568506,-46.59863170000001,3
522,-23.5682305,-46.6076365,3
1045,-23.5229582,-46.6505277,3
270,-23.6087562,-46.44294,3
268,-23.6098686,-46.4912986,3
1250,-23.5088214,-46.6661558,3
1196,-23.5138458,-46.6240427,3
1111,-23.5190797,-46.6762764,3
339,-23.5942651,-46.6949583,3
1189,-23.5140221,-46.6449009,3
395,-23.5860815,-46.6968549,3
1157,-23.5155073,-46.6496018,3
1154,-23.515773,-46.5948223,3
1148,-23.516215,-46.47661,3
408,-23.5842001,-46.6908955,3
389,-23.5863748,-46.60227070000001,3
414,-23.5834173,-46.5752457,3
416,-23.5832843,-46.7831279,3
385,-23.5866564,-46.6986415,3
1140,-23.5166733,-46.6387399,3
420,-23.5830546,-46.5646211,3
421,-23.5830472,-46.6863545,3
1169,-23.5151408,-46.68499449999999,3
381,-23.5869187,-46.60348370000001,3
264,-23.6105957,-46.59758400000001,3
426,-23.5828983,-46.6860975,3
1175,-23.5148574,-46.6984989,3
431,-23.582559600000003,-46.6856942,3
1177,-23.51473660000001,-46.6998889,3
369,-23.5886531,-46.68204799999999,3
1179,-23.5146598,-46.7246391,3
1136,-23.5171724,-46.6708966,3
367,-23.5888768,-46.68132139999999,3
438,-23.5819598,-46.6141567,3
1132,-23.51774,-46.65411,3
1180,-23.5146443,-46.52890170000001,3
363,-23.5894878,-46.5882038,3
350,-23.5908354,-46.60721239999999,3
1123,-23.5184529,-46.6479558,3
451,-23.5795126,-46.5720433,3
378,-23.5874162,-46.6576336,3
261,-23.6109779,-46.5872696,3
515,-23.5703194,-46.711623,3
257,-23.6112691,-46.7533042,3
224,-23.6198179,-46.62680839999999,3
569,-23.5584907,-46.6234938,3
570,-23.5583053,-46.64153899999999,3
574,-23.5575611,-46.7109394,3
580,-23.5568478,-46.533845,3
534,-23.5657324,-46.71179799999999,3
1288,-23.5051499,-46.5390843,3
209,-23.6226045,-46.6994649,3
989,-23.5269121,-46.6257873,3
204,-23.6234596,-46.4801993,3
593,-23.5558264,-46.5170579,3
1298,-23.5041091,-46.6726284,3
1008,-23.5255534,-46.6824616,3
980,-23.52723,-46.5836818,3
1310,-23.5034198,-46.6845614,3
611,-23.5540003,-46.6281125,3
1320,-23.5024145,-46.6153375,3
179,-23.6280222,-46.685317100000006,3
618,-23.5524145,-46.6470573,3
172,-23.6309097,-46.6176659,3
170,-23.6318945,-46.7151843,3
627,-23.551488,-46.6000948,3
169,-23.6320399,-46.5833676,3
1328,-23.5008249,-46.6155813,3
631,-23.5507824,-46.5996521,3
1329,-23.500216,-46.684101,3
607,-23.5543725,-46.70946370000001,3
232,-23.618208,-46.6605675,3
996,-23.5265774,-46.62512950000001,3
253,-23.6120494,-46.6776531,3
545,-23.5638523,-46.6362297,3
1272,-23.507044,-46.477838,3
538,-23.5650894,-46.6060689,3
555,-23.5621621,-46.6389973,3
1263,-23.5079543,-46.6866666,3
1027,-23.524272600000003,-46.6402037,3
1024,-23.52473710000001,-46.6290155,3
1275,-23.506857,-46.6773401,3
1265,-23.5076954,-46.7094505,3
1032,-23.52393,-46.69083240000001,4
1311,-23.5032685,-46.7190677,4
942,-23.529881,-46.58823599999999,4
944,-23.529634,-46.6773859,4
1264,-23.5078804,-46.74770529999999,4
1243,-23.5091333,-46.6627928,4
1342,-23.4942799,-46.73666679999999,4
964,-23.5283516,-46.670834,4
1367,-23.4850698,-46.4353936,4
912,-23.5338665,-46.7493309,4
1162,-23.515404,-46.6965773,4
961,-23.5285662,-46.4894712,4
810,-23.5390303,-46.4583174,4
1418,-23.409129,-46.7348031,4
1147,-23.5162451,-46.662836,4
1151,-23.5161178,-46.6961083,4
1152,-23.5157908,-46.5544015,4
807,-23.539152800000004,-46.4818311,4
1044,-23.5229832,-46.6947011,4
887,-23.5358791,-46.5525668,4
883,-23.5359918,-46.4884024,4
799,-23.5394704,-46.48372929999999,4
1247,-23.5089922,-46.7175444,4
970,-23.5278403,-46.6710253,4
1404,-23.4531361,-46.697425,4
976,-23.5274019,-46.555048600000006,4
1358,-23.48944310000001,-46.7558084,4
1209,-23.5127517,-46.51837829999999,4
1206,-23.5129139,-46.6932581,4
1215,-23.5118839,-46.7042604,4
1277,-23.5067077,-46.6997051,4
907,-23.5343594,-46.6641583,4
1014,-23.5253632,-46.5759315,4
1217,-23.5118083,-46.6244615,4
1100,-23.5196388,-46.6750892,4
1280,-23.5060815,-46.60251,4
1355,-23.490541600000004,-46.40770759999999,4
1108,-23.5192389,-46.6770941,4
1303,-23.5038989,-46.6847107,4
1222,-23.5115481,-46.6100596,4
1115,-23.5188743,-46.67451629999999,4
992,-23.5268157,-46.5748378,4
1187,-23.5142626,-46.65375039999999,4
990,-23.52686,-46.4323,4
865,-23.5364731,-46.62647570000001,4
1181,-23.5146301,-46.63048010000001,4
830,-23.5379004,-46.5496566,4
1363,-23.4879097,-46.3943802,4
983,-23.5270904,-46.68438949999999,4
868,-23.5363974,-46.45760869999999,4
1383,-23.4732063,-46.6701245,4
1076,-23.5208168,-46.65727099999999,4
1019,-23.5250248,-46.5570546,4
1156,-23.515672,-46.67377800000001,4
716,-23.5432531,-46.64141799999999,4
285,-23.6057845,-46.54323770000001,4
177,-23.628951,-46.6654591,4
175,-23.6300287,-46.7135656,4
584,-23.5565094,-46.44646059999999,4
447,-23.5804918,-46.6931583,4
118,-23.6531866,-46.719877,4
165,-23.6347959,-46.75499019999999,4
325,-23.5981419,-46.53341079999999,4
286,-23.6056435,-46.6960709,4
467,-23.5764224,-46.7076636,4
600,-23.5555434,-46.51777149999999,4
602,-23.5553996,-46.64961270000001,4
72,-23.6655587,-46.7270189,4
269,-23.6094348,-46.6646238,4
370,-23.5885879,-46.5894919,4
608,-23.5542021,-46.7081671,4
612,-23.553779100000003,-46.48957070000001,4
43,-23.6756933,-46.7488761,4
709,-23.5438989,-46.6327976,4
279,-23.6072419,-46.69968309999999,4
455,-23.578661,-46.6455268,4
127,-23.6510867,-46.7218284,4
356,-23.5903374,-46.7302593,4
280,-23.6071962,-46.6971499,4
27,-23.6898831,-46.71481139999999,4
281,-23.6071829,-46.6656996,4
348,-23.5910518,-46.7303598,4
725,-23.5425427,-46.637882,4
459,-23.5782668,-46.69444960000001,4
347,-23.591296300000003,-46.6649432,4
615,-23.5529706,-46.627598600000006,4
613,-23.5537671,-46.70772150000001,4
458,-23.5783267,-46.6664954,4
321,-23.5989379,-46.6976231,4
322,-23.5989085,-46.437798,4
368,-23.588773,-46.5982209,4
272,-23.608409,-46.675497,4
102,-23.6600915,-46.70253169999999,4
312,-23.6007074,-46.6513995,4
6,-23.7500595,-46.6880682,4
677,-23.5472403,-46.6003592,4
9,-23.7360009,-46.6947123,4
475,-23.574391,-46.3931267,4
260,-23.611042,-46.6283031,4
108,-23.658568,-46.7674511,4
550,-23.5631111,-46.6303958,4
405,-23.5845373,-46.5782809,4
500,-23.5717322,-46.70847879999999,4
690,-23.5451338,-46.5943735,4
295,-23.6042148,-46.7190064,4
1,-23.7931135,-46.72920360000001,4
443,-23.5817161,-46.4152394,4
667,-23.5479106,-46.6500531,4
210,-23.62258,-46.472191,4
489,-23.5723966,-46.66505979999999,4
562,-23.5599017,-46.6601825,4
200,-23.6243312,-46.6950615,4
485,-23.5726084,-46.5044544,4
763,-23.5408743,-46.6437561,4
516,-23.5694294,-46.7013964,4
217,-23.6211685,-46.6984326,4
553,-23.5626732,-46.60702970000001,4
683,-23.54649980000001,-46.52856060000001,5
419,-23.583064,-46.69962599999999,5
112,-23.6561976,-46.7075767,5
436,-23.5821024,-46.5925562,5
449,-23.5801065,-46.720886,5
941,-23.5299169,-46.6672647,5
1124,-23.5184507,-46.61557029999999,5
513,-23.5708383,-46.70110469999999,5
121,-23.6526767,-46.71899310000001,5
936,-23.530649,-46.59294600000001,5
666,-23.5479302,-46.6027783,5
452,-23.5793251,-46.7102626,5
919,-23.5330652,-46.6436189,5
650,-23.54980560000001,-46.6304873,5
1432,-23.4016619,-46.7200543,5
797,-23.5395264,-46.4855629,5
1300,-23.5040888,-46.6998718,5
524,-23.5679672,-46.7424889,5
528,-23.56740060000001,-46.66800689999999,5
1042,-23.5230904,-46.6554938,5
1041,-23.523097600000003,-46.558299700000006,5
1040,-23.5231466,-46.625245,5
1287,-23.5052068,-46.5616485,5
1285,-23.5053809,-46.6051545,5
1029,-23.5240806,-46.7434674,5
1028,-23.5242255,-46.7423395,5
549,-23.5631722,-46.6122119,5
1316,-23.50270260000001,-46.7476636,5
556,-23.5620575,-46.7044215,5
213,-23.6222458,-46.6845278,5
1081,-23.5206876,-46.70153699999999,5
477,-23.5739871,-46.7102879,5
1095,-23.51993,-46.63014,5
173,-23.6308568,-46.4605088,5
166,-23.6347297,-46.7275418,5
1330,-23.5000172,-46.528045,5
1269,-23.5073552,-46.7074648,5
155,-23.6399093,-46.72113119999999,5
603,-23.5553807,-46.7377449,5
975,-23.5275631,-46.6648039,5
973,-23.5276302,-46.50953610000001,5
972,-23.527712,-46.446177,5
1114,-23.5189326,-46.6547652,5
954,-23.5292394,-46.73712070000001,5
94,-23.6619281,-46.7065908,5
252,-23.612155800000004,-46.6074721,5
1416,-23.427137100000003,-46.7243753,5
823,-23.538294600000004,-46.59908950000001,5
825,-23.5381842,-46.59920040000001,5
1173,-23.5150019,-46.660809,5
69,-23.6659471,-46.72715909999999,5
826,-23.538148,-46.63312970000001,5
828,-23.5380002,-46.5993588,5
705,-23.54418900000001,-46.5798037,5
832,-23.5378738,-46.617678700000006,5
714,-23.5433434,-46.4625835,5
323,-23.59838,-46.57657929999999,5
866,-23.5364533,-46.6264669,5
1188,-23.5140237,-46.62484329999999,5
860,-23.5368272,-46.5885956,5
1399,-23.4586083,-46.607685,5
730,-23.5421158,-46.61499620000001,5
841,-23.53761230000001,-46.4559815,5
1406,-23.4445099,-46.5901083,5
733,-23.5420534,-46.64260789999999,5
1193,-23.5139769,-46.5780901,5
744,-23.5414492,-46.647657,5
850,-23.5372436,-46.45792549999999,5
338,-23.5945207,-46.6935321,5
685,-23.546205,-46.644679,5
1170,-23.5151388,-46.6412765,5
700,-23.5446106,-46.5300945,5
847,-23.5373637,-46.6333589,5
4,-23.75503,-46.67607839999999,5
778,-23.5401177,-46.7329196,5
383,-23.58671660000001,-46.6915577,5
304,-23.601849800000004,-46.6515005,5
1240,-23.5095435,-46.68984,5
1163,-23.5154038,-46.724085,5
802,-23.539384,-46.6350407,5
12,-23.7243301,-46.69990960000001,5
1419,-23.4072366,-46.73483479999999,5
1429,-23.404361,-46.7529665,5
903,-23.5349027,-46.6465075,5
893,-23.5353852,-46.6511929,5
273,-23.6083217,-46.69768999999999,5
586,-23.5564561,-46.6619089,6
1284,-23.5057052,-46.6805071,6
1061,-23.5218429,-46.7011174,6
34,-23.6810197,-46.6381862,6
1039,-23.5231498,-46.6528672,6
1200,-23.5134939,-46.5184131,6
1096,-23.51985,-46.6367498,6
296,-23.6040217,-46.6627277,6
806,-23.539224,-46.627824,6
469,-23.5756985,-46.7030048,6
793,-23.5395816,-46.632063,6
1290,-23.5046955,-46.6804069,6
787,-23.5397517,-46.610389700000006,6
1094,-23.5199979,-46.6133873,6
579,-23.55709,-46.7114872,6
1031,-23.5240625,-46.6001865,6
1074,-23.5208485,-46.6481897,6
1226,-23.5111321,-46.59976320000001,6
768,-23.540768300000003,-46.6436392,6
558,-23.56141400000001,-46.6558819,6
594,-23.5558033,-46.6675382,6
214,-23.622013,-46.70117370000001,6
320,-23.5989615,-46.7846665,6
19,-23.703722,-46.7145847,6
1421,-23.4068429,-46.7503193,6
220,-23.6206816,-46.627792,6
5,-23.7550249,-46.6753848,6
1005,-23.5258611,-46.6294411,6
757,-23.5410579,-46.6393203,6
1319,-23.5024925,-46.6152164,6
180,-23.628008800000003,-46.687554,6
836,-23.5378537,-46.4560667,6
186,-23.6273246,-46.6565842,6
582,-23.5566408,-46.6510565,6
407,-23.5843984,-46.5819068,6
207,-23.6229115,-46.6804626,6
885,-23.5359313,-46.49085909999999,6
643,-23.5502516,-46.5232584,6
441,-23.5818297,-46.5619739,6
251,-23.6123869,-46.67193839999999,6
647,-23.5500133,-46.60135229999999,6
648,-23.5499685,-46.6387338,6
105,-23.6595769,-46.7109345,6
124,-23.6522565,-46.72287070000001,6
1385,-23.4726383,-46.57143920000001,6
376,-23.5877404,-46.66424689999999,6
688,-23.5456891,-46.7343506,6
240,-23.6164796,-46.6988139,6
1354,-23.4908015,-46.50811760000001,6
701,-23.5442895,-46.5699637,6
448,-23.5802573,-46.6834092,6
889,-23.5357787,-46.6339497,6
671,-23.5476484,-46.5790292,6
652,-23.5496615,-46.63093350000001,6
1386,-23.472586,-46.6695061,6
259,-23.6110611,-46.75298520000001,6
1241,-23.5093563,-46.66569519999999,6
271,-23.6084121,-46.6973008,6
1192,-23.5139836,-46.5222637,6
1246,-23.5089951,-46.6111036,6
463,-23.5771931,-46.60910459999999,6
38,-23.6786374,-46.6507714,6
606,-23.5548132,-46.70621060000001,6
417,-23.5832788,-46.6991355,6
1245,-23.5090599,-46.6803603,6
914,-23.5336042,-46.7439006,6
154,-23.6409193,-46.7368533,6
146,-23.644588,-46.724498,6
63,-23.6669625,-46.7727005,6
86,-23.663223100000003,-46.70774489999999,6
131,-23.6489312,-46.75289160000001,6
454,-23.5788625,-46.662355,6
1066,-23.5215432,-46.6669695,7
504,-23.5715162,-46.6957335,7
1065,-23.521595,-46.6384886,7
1286,-23.5053224,-46.4570455,7
212,-23.6224124,-46.6282342,7
507,-23.5714639,-46.6989907,7
1214,-23.5124643,-46.67506160000001,7
402,-23.585104,-46.69074129999999,7
310,-23.6010331,-46.71854879999999,7
1055,-23.5222478,-46.62624870000001,7
1259,-23.5083144,-46.7141659,7
239,-23.6175205,-46.6617383,7
390,-23.58633,-46.69631,7
1097,-23.5198351,-46.6744444,7
1268,-23.5073626,-46.7057618,7
1201,-23.5133866,-46.7033226,7
341,-23.5930432,-46.73332509999999,7
460,-23.5781011,-46.7021829,7
1202,-23.5133355,-46.6674409,7
357,-23.5902154,-46.5438071,7
237,-23.6177669,-46.7017805,7
1118,-23.5187387,-46.616347,7
474,-23.5747064,-46.6079143,7
478,-23.5738923,-46.6671251,7
450,-23.5796747,-46.7015104,7
1122,-23.518459,-46.62415499999999,7
380,-23.5869911,-46.68963730000001,7
287,-23.6056014,-46.6642102,7
497,-23.572032,-46.6998123,7
1128,-23.518306,-46.62778400000001,7
1129,-23.5179567,-46.6515167,7
1069,-23.5213676,-46.6403982,7
256,-23.6115932,-46.7542352,7
335,-23.5955472,-46.5972196,7
1009,-23.5254955,-46.60152460000001,7
1297,-23.5041268,-46.6826885,7
984,-23.5270699,-46.7409553,7
157,-23.63972080000001,-46.72154159999999,7
1337,-23.4964599,-46.4065166,7
622,-23.5520792,-46.5985942,7
1341,-23.4949174,-46.4056838,7
144,-23.644725,-46.7237915,7
642,-23.5502562,-46.6380339,7
1347,-23.4929526,-46.4530079,7
654,-23.5492334,-46.6442819,7
116,-23.6539123,-46.7245974,7
669,-23.5477194,-46.56045870000001,7
924,-23.532303,-46.5289009,7
1294,-23.5043045,-46.6880606,7
911,-23.5338705,-46.7493269,7
986,-23.5270313,-46.6258718,7
902,-23.5349037,-46.6545554,7
1378,-23.4743887,-46.72523270000001,7
78,-23.6650434,-46.72156079999999,7
692,-23.5450479,-46.5957198,7
704,-23.5442054,-46.46051569999999,7
875,-23.5360774,-46.6516595,7
56,-23.6714244,-46.740913600000006,7
1392,-23.4672805,-46.5945746,7
741,-23.541847600000004,-46.6147544,7
853,-23.5370995,-46.6432256,7
1402,-23.4535352,-46.6719109,7
1403,-23.4532979,-46.6626584,7
837,-23.5378316,-46.64425620000001,7
785,-23.5399147,-46.63072529999999,7
1426,-23.4050516,-46.7531905,7
687,-23.5457827,-46.720578,7
1323,-23.501958,-46.7066027,7
299,-23.6030974,-46.65128139999999,7
1020,-23.5249548,-46.6369973,7
196,-23.6250996,-46.7075699,7
544,-23.5638924,-46.7491334,7
1010,-23.5254642,-46.5622123,7
551,-23.56309610000001,-46.6562869,7
1006,-23.5258213,-46.7021734,7
548,-23.5632233,-46.6120421,7
185,-23.6274838,-46.61896760000001,7
1299,-23.504108,-46.6822928,7
415,-23.5833647,-46.5747216,8
884,-23.5359677,-46.7262717,8
682,-23.5466888,-46.734392,8
542,-23.5640343,-46.6645165,8
1380,-23.4741439,-46.6700315,8
387,-23.5865422,-46.69518400000001,8
76,-23.6652142,-46.6782455,8
905,-23.5346733,-46.6546931,8
375,-23.5877806,-46.72289929999999,8
576,-23.5574014,-46.6378341,8
1306,-23.5037066,-46.6201777,8
727,-23.5421726,-46.41099439999999,8
342,-23.5927108,-46.6209509,8
732,-23.5420639,-46.5353311,8
1037,-23.5233965,-46.6129802,8
1059,-23.522032,-46.655503,8
842,-23.5375715,-46.64175119999999,8
1410,-23.4315287,-46.5941446,8
1058,-23.5221478,-46.663137,8
1415,-23.429031100000003,-46.72118,8
18,-23.7069271,-46.71303010000001,8
767,-23.5407982,-46.7289,8
291,-23.604837600000003,-46.7081324,8
1046,-23.5228991,-46.63029849999999,8
423,-23.5830108,-46.568617,8
364,-23.589061800000003,-46.7286683,8
1153,-23.5157781,-46.650173,8
1003,-23.5260752,-46.67210499999999,8
1091,-23.5202244,-46.6239675,8
1266,-23.5074281,-46.6829172,8
583,-23.5565299,-46.516571,8
302,-23.6021187,-46.65097280000001,8
160,-23.6382072,-46.7408906,8
487,-23.5724408,-46.70516869999999,8
563,-23.5594941,-46.6310821,8
228,-23.6190603,-46.6280469,8
1267,-23.5073715,-46.68017649999999,8
1349,-23.492143,-46.4528542,8
559,-23.5613055,-46.68776829999999,9
123,-23.6524014,-46.725465,9
880,-23.53602780000001,-46.65162180000001,9
1182,-23.5144809,-46.6666005,9
47,-23.673164,-46.7010161,9
1105,-23.5193892,-46.74925800000001,9
1011,-23.5254628,-46.6816795,9
728,-23.5421568,-46.6150849,9
158,-23.6392794,-46.7220451,9
1197,-23.51377380000001,-46.6534336,9
838,-23.5378117,-46.6162246,9
585,-23.5564714,-46.6308708,9
1318,-23.5025826,-46.6150186,9
720,-23.54295410000001,-46.48214779999999,9
142,-23.64555,-46.72993,9
103,-23.6599045,-46.7117099,9
1134,-23.5176778,-46.6794271,9
684,-23.5462912,-46.71317639999999,9
1364,-23.487193,-46.714830600000006,9
110,-23.6582469,-46.70896679999999,9
951,-23.5293701,-46.6781819,9
686,-23.545822,-46.7137542,9
668,-23.5478432,-46.6388302,9
1077,-23.5207994,-46.6930823,9
1248,-23.508852800000003,-46.6159755,9
1142,-23.5166142,-46.6670404,9
1238,-23.5096545,-46.7045271,10
588,-23.5562328,-46.62844570000001,10
676,-23.5472784,-46.7345444,10
35,-23.6805291,-46.7063454,10
845,-23.5374692,-46.45828770000001,10
745,-23.5414483,-46.5351209,10
915,-23.5334552,-46.5402114,10
52,-23.6721371,-46.6985305,10
159,-23.63887080000001,-46.7219722,10
537,-23.5651888,-46.70094650000001,10
23,-23.6988927,-46.7559164,10
1172,-23.5150548,-46.6911891,10
74,-23.6653706,-46.72708770000001,10
641,-23.5502757,-46.6393536,10
1430,-23.4042104,-46.7484579,10
1427,-23.4048175,-46.7533523,10
1244,-23.5091074,-46.6896838,10
663,-23.54837160000001,-46.7331203,10
245,-23.6138744,-46.6787451,10
678,-23.5471315,-46.6371466,10
1160,-23.5154603,-46.61334220000001,10
457,-23.5784203,-46.645245,10
557,-23.5617929,-46.6580219,10
623,-23.552072,-46.5769369,10
1165,-23.5153199,-46.64422709999999,10
1239,-23.5096266,-46.68056170000001,10
92,-23.6621868,-46.70707270000001,10
470,-23.5755189,-46.6413215,10
815,-23.5386447,-46.6041838,10
1304,-23.5038338,-46.6854665,11
499,-23.5718525,-46.6975258,11
946,-23.5296218,-46.6779003,11
965,-23.5282312,-46.5850775,11
895,-23.53525,-46.5826757,11
409,-23.5841685,-46.492128,11
382,-23.5867387,-46.5902006,11
1102,-23.5195548,-46.6298885,11
702,-23.5442834,-46.5926346,11
187,-23.62651210000001,-46.6294583,11
1236,-23.5099812,-46.6182466,11
87,-23.6631171,-46.7076066,11
60,-23.6673076,-46.7056364,11
401,-23.5851539,-46.7226826,11
715,-23.5433336,-46.64550429999999,11
1035,-23.5235398,-46.63048679999999,11
1257,-23.5085103,-46.6158205,11
182,-23.627706,-46.619269,11
974,-23.5275772,-46.68306870000001,11
693,-23.5449286,-46.6359339,11
1161,-23.5154193,-46.696145,11
184,-23.6275033,-46.6189908,12
289,-23.6053438,-46.6990833,12
234,-23.6181633,-46.7009973,12
1252,-23.5087896,-46.7056216,12
233,-23.6181834,-46.61112979999999,12
2,-23.7685129,-46.7174347,12
109,-23.6584958,-46.70921449999999,12
1116,-23.5188564,-46.6441499,12
589,-23.5560709,-46.6291905,12
473,-23.5748782,-46.68206970000001,12
479,-23.573615300000004,-46.7100261,12
1049,-23.5225865,-46.6302477,12
1038,-23.5231852,-46.6285706,12
1141,-23.516631600000004,-46.6597434,12
859,-23.5368667,-46.5932119,12
1021,-23.5248343,-46.7021396,12
1218,-23.511612,-46.62398959999999,12
591,-23.5560292,-46.6664783,12
354,-23.5904137,-46.62013889999999,12
394,-23.5860931,-46.6977309,12
672,-23.5475884,-46.63804920000001,12
691,-23.5450933,-46.6367485,12
917,-23.5332233,-46.65677669999999,12
921,-23.5325864,-46.45055120000001,12
949,-23.5294095,-46.677805600000006,12
804,-23.539254100000004,-46.62754899999999,12
464,-23.5770512,-46.6411569,12
1166,-23.5153037,-46.6667883,13
1296,-23.5041645,-46.62041729999999,13
100,-23.6604082,-46.7048098,13
1210,-23.5127478,-46.666461700000006,13
624,-23.55202430000001,-46.5777714,13
979,-23.5272478,-46.7402334,13
183,-23.6275491,-46.7113798,13
1018,-23.5251203,-46.4337033,13
1036,-23.5235252,-46.6301655,13
792,-23.5396295,-46.6272802,13
761,-23.5409218,-46.63946379999999,13
926,-23.5322419,-46.52894089999999,13
391,-23.5862473,-46.58894229999999,13
900,-23.534941,-46.7357722,14
1073,-23.5208602,-46.61313320000001,14
1064,-23.5216144,-46.66750039999999,14
1405,-23.4460118,-46.5901929,14
571,-23.558288600000004,-46.7115218,14
726,-23.5424701,-46.6379291,14
167,-23.632409,-46.7156621,14
661,-23.5484316,-46.64296909999999,14
1332,-23.4990643,-46.6047875,14
852,-23.53712860000001,-46.63421829999999,14
428,-23.5826871,-46.5998274,14
985,-23.5270355,-46.59473320000001,15
752,-23.5411942,-46.457275,15
1023,-23.524779100000003,-46.63076760000001,15
482,-23.572807,-46.70226780000001,15
61,-23.6671555,-46.72727889999999,15
747,-23.5413588,-46.48408269999999,15
897,-23.5350703,-46.65309440000001,15
1255,-23.50866730000001,-46.5552222,15
263,-23.6108848,-46.752876,15
776,-23.5403315,-46.6122599,15
249,-23.6127902,-46.6276992,15
644,-23.5501844,-46.6365717,16
835,-23.5378581,-46.6338933,16
881,-23.5360112,-46.6429188,16
770,-23.5406399,-46.6129659,16
782,-23.540056,-46.5423531,16
957,-23.5291759,-46.6253343,16
117,-23.6537565,-46.720741,16
679,-23.5471214,-46.5413325,16
1051,-23.5224974,-46.6108419,16
756,-23.5411048,-46.6388798,16
1253,-23.5087688,-46.68633579999999,17
226,-23.6193201,-46.62772890000001,17
1001,-23.5263017,-46.4324282,18
518,-23.5689122,-46.64086469999999,18
1178,-23.514713,-46.5198876,18
106,-23.659564000000003,-46.7040693,18
1110,-23.5191146,-46.6532224,18
790,-23.5396645,-46.63407520000001,19
945,-23.5296296,-46.4476203,19
1012,-23.5254597,-46.6253176,19
315,-23.5995665,-46.6907539,19
1254,-23.508741600000004,-46.60020189999999,19
241,-23.6159624,-46.62736629999999,19
953,-23.5292957,-46.740747,19
399,-23.585543,-46.650952,20
858,-23.5368704,-46.55825220000001,20
595,-23.5557717,-46.64948270000001,20
465,-23.5769169,-46.6432205,20
1414,-23.4301662,-46.7213472,20
1293,-23.5043371,-46.6211461,20
849,-23.5372818,-46.4570324,21
96,-23.6618529,-46.7063713,21
314,-23.6000888,-46.7200902,21
695,-23.5448374,-46.6263162,21
125,-23.6522351,-46.7126679,21
723,-23.5427039,-46.6268799,21
410,-23.5840865,-46.5843941,21
152,-23.6415424,-46.7241725,21
495,-23.5721786,-46.7009942,22
193,-23.6256401,-46.69167590000001,22
216,-23.6213812,-46.7008789,22
656,-23.5488495,-46.6385844,22
938,-23.5300038,-46.677148,22
1295,-23.5041705,-46.62466970000001,22
541,-23.5641608,-46.6778872,23
710,-23.5438681,-46.6455288,23
626,-23.5519499,-46.5779375,23
680,-23.5469,-46.63767,23
665,-23.5480634,-46.5261307,23
1068,-23.5213704,-46.6682634,24
359,-23.5898417,-46.6930118,24
59,-23.6674064,-46.72525870000001,24
1120,-23.518635,-46.6758825,24
874,-23.536091100000004,-46.51896989999999,24
306,-23.601553,-46.6509325,24
581,-23.5568285,-46.6296005,24
42,-23.6757762,-46.698435,24
1054,-23.52229010000001,-46.6612742,24
1223,-23.5115239,-46.6100423,24
909,-23.5340888,-46.65535089999999,24
1086,-23.5203784,-46.7368139,25
876,-23.5360498,-46.5514434,25
1212,-23.5124847,-46.61119710000001,25
1233,-23.5103051,-46.6937635,25
694,-23.5448387,-46.7327217,25
149,-23.6435162,-46.6724991,25
84,-23.6638325,-46.7291745,25
340,-23.5939636,-46.72115150000001,25
483,-23.5727121,-46.6079424,25
1321,-23.5023683,-46.630457,25
1085,-23.5203855,-46.7469107,25
1359,-23.4892542,-46.40580070000001,25
1135,-23.5173581,-46.6194319,25
388,-23.5864206,-46.6951744,25
1113,-23.5189772,-46.6158881,26
267,-23.6100376,-46.7010528,26
44,-23.6755773,-46.6989804,26
1150,-23.51618,-46.66682,26
577,-23.5573938,-46.6183215,26
765,-23.5408404,-46.639432,26
578,-23.5571917,-46.6285664,27
605,-23.5550119,-46.5171162,27
886,-23.5358864,-46.4560867,27
98,-23.6615042,-46.67939970000001,27
188,-23.62648410000001,-46.687386,28
508,-23.5714495,-46.7077558,28
908,-23.53409580000001,-46.62476289999999,28
805,-23.539231,-46.4828134,28
435,-23.5822667,-46.56294310000001,29
772,-23.5405845,-46.4706416,29
1408,-23.4369619,-46.7207879,29
753,-23.5411767,-46.4592258,29
590,-23.5560658,-46.6285122,30
283,-23.6065062,-46.6969314,30
1149,-23.516202300000003,-46.62423279999999,30
1308,-23.5034713,-46.6847675,30
771,-23.540595,-46.63948449999999,30
1158,-23.5154723,-46.6716376,31
174,-23.63051560000001,-46.7141346,32
1394,-23.4646452,-46.6522231,32
773,-23.5404303,-46.449727,32
317,-23.599446,-46.65127879999999,32
439,-23.581955,-46.4907206,32
751,-23.5413011,-46.6284717,33
796,-23.5395304,-46.4858263,33
1231,-23.5103974,-46.609054,33
424,-23.5830026,-46.5733797,33
1374,-23.481113600000004,-46.6745758,34
659,-23.5486134,-46.6386247,34
406,-23.584403,-46.5864655,34
717,-23.5431983,-46.587157,34
195,-23.6253758,-46.6287942,36
552,-23.5628046,-46.67459239999999,36
981,-23.5271632,-46.6247283,36
1000,-23.5263631,-46.6822994,37
351,-23.5907654,-46.73041920000001,38
509,-23.5712427,-46.69910460000001,38
1220,-23.5115762,-46.6249014,38
706,-23.5441466,-46.53109320000001,38
134,-23.6462723,-46.7253607,39
221,-23.620556,-46.62777910000001,40
1099,-23.5198208,-46.7476843,41
83,-23.6638686,-46.6785854,41
250,-23.6127701,-46.6988729,46
774,-23.5404284,-46.6295011,46
977,-23.5273812,-46.6256213,47
882,-23.5360024,-46.6339584,48
988,-23.526942,-46.6840671,49
486,-23.5725782,-46.7045018,51
1057,-23.5221609,-46.6087139,52
39,-23.6785963,-46.6850177,54
670,-23.5476707,-46.6023316,55
511,-23.5710017,-46.709162,57
779,-23.5400925,-46.61158589999999,58
413,-23.5834742,-46.654522,63
640,-23.5504292,-46.6381386,64
189,-23.6264229,-46.6874891,65
535,-23.565481100000003,-46.7023067,67
848,-23.537307100000003,-46.4867244,67
1053,-23.5222918,-46.6279181,70
906,-23.534573,-46.65481519999999,72
655,-23.5492156,-46.64075689999999,73
1291,-23.5045312,-46.6208513,78
1050,-23.5225201,-46.4754154,80
636,-23.5505199,-46.63330939999999,81
1106,-23.5193621,-46.6251826,84
959,-23.5287445,-46.6244208,84
801,-23.5393867,-46.6328914,92
30,-23.6841075,-46.691945,93
372,-23.5881265,-46.6905352,101
759,-23.5409715,-46.4494444,102
1302,-23.5039206,-46.6846383,106
827,-23.5380499,-46.5989774,108
277,-23.6077583,-46.6973162,135
867,-23.5364131,-46.64242609999999,145
1101,-23.5195747,-46.6741744,157
202,-23.6238787,-46.70996829999999,164
327,-23.5974359,-46.6972704,177
1130,-23.5179509,-46.64946399999999,573
